date,Total,Men,Women
1948-01-01,58.6,86.7,32.0
1948-02-01,58.9,87.0,32.4
1948-03-01,58.5,86.3,32.1
1948-04-01,59.0,86.6,33.0
1948-05-01,58.3,86.1,32.0
1948-06-01,59.2,86.6,33.4
1948-07-01,59.3,86.7,33.4
1948-08-01,58.9,86.7,32.7
1948-09-01,58.9,86.3,33.0
1948-10-01,58.7,86.6,32.4
1948-11-01,58.7,86.5,32.6
1948-12-01,59.1,86.9,33.0
1949-01-01,58.7,86.5,32.6
1949-02-01,59.0,86.6,33.0
1949-03-01,58.9,86.5,33.0
1949-04-01,58.8,86.6,32.8
1949-05-01,59.0,86.6,33.1
1949-06-01,58.6,86.2,32.8
1949-07-01,58.9,86.1,33.4
1949-08-01,59.2,86.6,33.5
1949-09-01,59.1,86.6,33.4
1949-10-01,59.6,87.4,33.6
1949-11-01,59.4,86.8,33.7
1949-12-01,59.2,86.6,33.5
1950-01-01,58.9,86.2,33.4
1950-02-01,58.9,86.1,33.4
1950-03-01,58.8,85.9,33.2
1950-04-01,59.2,86.2,33.9
1950-05-01,59.1,86.3,33.6
1950-06-01,59.4,86.2,34.2
1950-07-01,59.1,86.1,33.7
1950-08-01,59.5,86.5,34.1
1950-09-01,59.2,86.5,33.7
1950-10-01,59.4,86.4,34.3
1950-11-01,59.3,86.3,34.4
1950-12-01,59.2,86.3,34.0
1951-01-01,59.1,86.0,34.3
1951-02-01,59.1,86.3,34.2
1951-03-01,59.8,86.9,35.0
1951-04-01,59.1,86.3,34.4
1951-05-01,59.4,86.6,34.7
1951-06-01,59.0,86.4,34.2
1951-07-01,59.4,86.3,35.2
1951-08-01,59.2,86.5,34.7
1951-09-01,59.1,86.4,34.4
1951-10-01,59.4,86.8,34.8
1951-11-01,59.2,86.5,34.7
1951-12-01,59.6,86.8,35.1
1952-01-01,59.5,86.8,35.0
1952-02-01,59.5,87.0,34.9
1952-03-01,58.9,86.5,34.1
1952-04-01,58.8,86.3,34.3
1952-05-01,59.1,86.4,34.7
1952-06-01,59.1,86.4,34.6
1952-07-01,58.9,86.3,34.4
1952-08-01,58.7,85.9,34.4
1952-09-01,59.2,85.9,35.4
1952-10-01,58.7,85.6,34.6
1952-11-01,59.1,85.6,35.4
1952-12-01,59.2,86.4,34.8
1953-01-01,59.5,86.5,35.1
1953-02-01,59.5,86.8,34.9
1953-03-01,59.6,86.8,35.2
1953-04-01,59.1,86.3,34.6
1953-05-01,58.6,85.8,34.0
1953-06-01,58.9,85.8,34.7
1953-07-01,58.9,85.9,34.6
1953-08-01,58.6,85.7,34.2
1953-09-01,58.5,85.4,34.3
1953-10-01,58.5,85.4,34.4
1953-11-01,58.6,85.9,33.9
1953-12-01,58.3,85.8,33.6
1954-01-01,58.6,85.8,33.9
1954-02-01,59.3,86.2,35.0
1954-03-01,59.1,85.6,35.1
1954-04-01,59.2,86.0,35.0
1954-05-01,58.9,85.7,34.6
1954-06-01,58.5,85.3,34.4
1954-07-01,58.4,85.4,34.1
1954-08-01,58.7,85.9,34.3
1954-09-01,59.2,86.0,34.9
1954-10-01,58.8,85.5,34.8
1954-11-01,58.6,85.2,34.6
1954-12-01,58.1,84.8,34.1
1955-01-01,58.6,85.0,34.7
1955-02-01,58.4,84.8,34.5
1955-03-01,58.5,85.0,34.5
1955-04-01,59.0,85.2,35.3
1955-05-01,58.8,85.1,35.0
1955-06-01,58.8,84.8,35.2
1955-07-01,59.3,85.3,35.8
1955-08-01,59.7,85.4,36.4
1955-09-01,59.7,85.6,36.2
1955-10-01,59.8,85.7,36.4
1955-11-01,59.9,85.8,36.5
1955-12-01,60.2,85.9,37.0
1956-01-01,60.2,86.1,36.7
1956-02-01,59.9,85.9,36.3
1956-03-01,59.8,85.8,36.4
1956-04-01,59.9,85.6,36.6
1956-05-01,60.2,85.8,37.1
1956-06-01,60.1,85.7,37.0
1956-07-01,60.1,85.5,37.2
1956-08-01,60.0,85.4,37.0
1956-09-01,60.0,85.2,37.1
1956-10-01,59.8,85.0,36.9
1956-11-01,59.8,85.2,36.9
1956-12-01,59.8,85.0,36.9
1957-01-01,59.5,84.8,36.6
1957-02-01,59.9,85.0,37.1
1957-03-01,59.8,85.2,36.9
1957-04-01,59.5,85.0,36.5
1957-05-01,59.5,84.9,36.6
1957-06-01,59.8,85.2,36.8
1957-07-01,60.0,85.1,37.2
1957-08-01,59.3,84.4,36.6
1957-09-01,59.6,84.6,36.9
1957-10-01,59.5,84.4,37.0
1957-11-01,59.5,84.4,36.9
1957-12-01,59.6,84.5,37.1
1958-01-01,59.3,84.1,36.8
1958-02-01,59.3,84.0,37.0
1958-03-01,59.3,84.0,37.0
1958-04-01,59.6,84.3,37.3
1958-05-01,59.8,84.6,37.4
1958-06-01,59.5,84.3,37.1
1958-07-01,59.6,84.6,37.0
1958-08-01,59.8,84.6,37.3
1958-09-01,59.7,84.7,37.0
1958-10-01,59.6,84.6,37.0
1958-11-01,59.2,84.0,36.8
1958-12-01,59.2,83.8,36.9
1959-01-01,59.3,83.8,37.1
1959-02-01,59.0,83.5,36.8
1959-03-01,59.3,83.8,37.1
1959-04-01,59.4,83.9,37.3
1959-05-01,59.2,83.6,37.1
1959-06-01,59.2,83.5,37.3
1959-07-01,59.4,83.9,37.1
1959-08-01,59.2,83.7,37.1
1959-09-01,59.3,83.9,37.0
1959-10-01,59.4,83.8,37.4
1959-11-01,59.1,83.5,37.0
1959-12-01,59.5,83.9,37.3
1960-01-01,59.1,83.6,37.0
1960-02-01,59.1,83.4,37.1
1960-03-01,58.5,82.8,36.6
1960-04-01,59.5,83.6,37.8
1960-05-01,59.5,83.4,37.9
1960-06-01,59.7,83.3,38.4
1960-07-01,59.5,83.2,38.1
1960-08-01,59.5,83.3,37.9
1960-09-01,59.7,83.5,38.2
1960-10-01,59.4,83.4,37.7
1960-11-01,59.8,83.7,38.2
1960-12-01,59.7,83.4,38.2
1961-01-01,59.6,83.4,38.2
1961-02-01,59.6,82.9,38.5
1961-03-01,59.7,83.1,38.7
1961-04-01,59.3,82.8,38.1
1961-05-01,59.4,83.0,38.1
1961-06-01,59.7,83.1,38.6
1961-07-01,59.3,82.8,38.1
1961-08-01,59.3,82.9,38.0
1961-09-01,59.0,82.6,37.7
1961-10-01,59.1,82.6,38.0
1961-11-01,59.1,82.7,37.8
1961-12-01,58.8,82.5,37.5
1962-01-01,58.8,82.2,37.9
1962-02-01,59.0,82.5,38.0
1962-03-01,58.9,82.5,37.8
1962-04-01,58.7,82.0,37.8
1962-05-01,58.9,82.4,37.8
1962-06-01,58.8,82.1,37.8
1962-07-01,58.5,81.7,37.7
1962-08-01,59.0,82.1,38.3
1962-09-01,59.0,82.0,38.3
1962-10-01,58.7,81.7,37.9
1962-11-01,58.5,81.6,37.8
1962-12-01,58.4,81.4,37.8
1963-01-01,58.6,81.4,38.0
1963-02-01,58.6,81.3,38.2
1963-03-01,58.6,81.4,38.2
1963-04-01,58.8,81.5,38.4
1963-05-01,58.8,81.4,38.5
1963-06-01,58.5,81.2,38.1
1963-07-01,58.7,81.5,38.3
1963-08-01,58.5,81.3,38.0
1963-09-01,58.7,81.4,38.4
1963-10-01,58.8,81.3,38.6
1963-11-01,58.8,81.4,38.5
1963-12-01,58.5,81.0,38.3
1964-01-01,58.6,81.0,38.4
1964-02-01,58.8,81.0,38.8
1964-03-01,58.7,81.0,38.7
1964-04-01,59.1,81.3,39.2
1964-05-01,59.1,81.4,39.1
1964-06-01,58.7,80.9,38.8
1964-07-01,58.6,81.1,38.5
1964-08-01,58.6,80.9,38.6
1964-09-01,58.7,81.1,38.5
1964-10-01,58.6,80.9,38.6
1964-11-01,58.5,80.8,38.5
1964-12-01,58.6,80.6,38.8
1965-01-01,58.6,80.7,38.7
1965-02-01,58.7,80.9,38.8
1965-03-01,58.7,80.7,39.0
1965-04-01,58.8,81.0,39.0
1965-05-01,59.0,81.2,39.0
1965-06-01,58.8,80.5,39.4
1965-07-01,59.1,80.9,39.5
1965-08-01,58.9,80.6,39.3
1965-09-01,58.7,80.3,39.3
1965-10-01,58.9,80.6,39.5
1965-11-01,58.8,80.3,39.6
1965-12-01,59.0,80.5,39.8
1966-01-01,59.0,80.5,39.8
1966-02-01,58.8,80.3,39.6
1966-03-01,58.8,80.4,39.6
1966-04-01,59.0,80.5,39.8
1966-05-01,59.0,80.3,40.0
1966-06-01,59.1,80.5,40.1
1966-07-01,59.1,80.5,40.2
1966-08-01,59.3,80.5,40.5
1966-09-01,59.3,80.2,40.7
1966-10-01,59.3,80.2,40.7
1966-11-01,59.6,80.4,41.1
1966-12-01,59.5,80.5,41.0
1967-01-01,59.5,80.5,40.8
1967-02-01,59.3,80.4,40.7
1967-03-01,59.1,80.2,40.4
1967-04-01,59.4,80.3,40.9
1967-05-01,59.3,80.3,40.7
1967-06-01,59.6,80.6,41.0
1967-07-01,59.6,80.6,41.1
1967-08-01,59.7,80.6,41.2
1967-09-01,59.7,80.3,41.4
1967-10-01,59.9,80.5,41.7
1967-11-01,59.8,80.4,41.6
1967-12-01,59.9,80.4,41.9
1968-01-01,59.2,79.8,41.0
1968-02-01,59.6,80.2,41.4
1968-03-01,59.6,80.0,41.5
1968-04-01,59.5,80.1,41.4
1968-05-01,59.9,80.1,42.0
1968-06-01,60.0,80.5,42.0
1968-07-01,59.8,80.3,41.8
1968-08-01,59.6,80.3,41.4
1968-09-01,59.5,79.9,41.6
1968-10-01,59.5,79.9,41.6
1968-11-01,59.6,79.8,41.8
1968-12-01,59.7,80.0,41.8
1969-01-01,59.6,79.8,41.9
1969-02-01,60.0,80.0,42.3
1969-03-01,59.9,79.9,42.3
1969-04-01,60.0,79.8,42.5
1969-05-01,59.8,79.5,42.4
1969-06-01,60.1,79.7,42.9
1969-07-01,60.1,79.8,42.9
1969-08-01,60.3,79.9,43.0
1969-09-01,60.3,80.1,42.9
1969-10-01,60.4,79.9,43.2
1969-11-01,60.2,79.8,43.0
1969-12-01,60.2,79.7,43.1
1970-01-01,60.4,79.9,43.3
1970-02-01,60.4,80.0,43.2
1970-03-01,60.6,80.0,43.4
1970-04-01,60.6,80.0,43.6
1970-05-01,60.3,79.9,43.1
1970-06-01,60.2,79.6,43.1
1970-07-01,60.4,79.6,43.5
1970-08-01,60.3,79.4,43.4
1970-09-01,60.2,79.5,43.2
1970-10-01,60.4,79.4,43.5
1970-11-01,60.4,79.5,43.5
1970-12-01,60.4,79.6,43.4
1971-01-01,60.4,79.4,43.6
1971-02-01,60.1,79.1,43.3
1971-03-01,60.0,78.9,43.3
1971-04-01,60.1,79.3,43.2
1971-05-01,60.2,79.3,43.2
1971-06-01,59.8,78.8,42.8
1971-07-01,60.1,79.3,43.1
1971-08-01,60.2,79.3,43.3
1971-09-01,60.1,79.0,43.4
1971-10-01,60.1,78.9,43.5
1971-11-01,60.4,79.1,43.8
1971-12-01,60.4,79.1,43.8
1972-01-01,60.2,78.8,43.8
1972-02-01,60.2,78.8,43.6
1972-03-01,60.5,79.1,43.9
1972-04-01,60.4,78.9,43.9
1972-05-01,60.4,78.9,43.9
1972-06-01,60.4,79.0,43.9
1972-07-01,60.4,78.9,43.9
1972-08-01,60.6,79.1,44.0
1972-09-01,60.4,78.9,43.9
1972-10-01,60.3,78.8,43.9
1972-11-01,60.3,78.8,43.9
1972-12-01,60.5,79.0,44.0
1973-01-01,60.0,78.4,43.7
1973-02-01,60.5,78.8,44.3
1973-03-01,60.8,79.1,44.4
1973-04-01,60.8,78.9,44.6
1973-05-01,60.6,78.6,44.6
1973-06-01,60.9,78.8,45.0
1973-07-01,60.9,78.9,44.8
1973-08-01,60.7,78.6,44.8
1973-09-01,60.8,78.6,45.0
1973-10-01,60.9,78.8,45.0
1973-11-01,61.2,79.0,45.3
1973-12-01,61.2,79.1,45.3
1974-01-01,61.3,79.5,45.1
1974-02-01,61.4,79.3,45.4
1974-03-01,61.3,79.0,45.5
1974-04-01,61.1,78.6,45.4
1974-05-01,61.2,78.7,45.5
1974-06-01,61.2,78.7,45.7
1974-07-01,61.4,78.4,46.1
1974-08-01,61.2,78.4,45.7
1974-09-01,61.4,78.6,46.0
1974-10-01,61.3,78.6,45.8
1974-11-01,61.3,78.6,45.9
1974-12-01,61.2,78.4,45.9
1975-01-01,61.4,78.3,46.3
1975-02-01,61.0,78.0,45.9
1975-03-01,61.2,78.0,46.2
1975-04-01,61.3,78.1,46.3
1975-05-01,61.5,78.3,46.4
1975-06-01,61.2,77.8,46.3
1975-07-01,61.3,78.1,46.4
1975-08-01,61.3,77.9,46.5
1975-09-01,61.2,77.8,46.4
1975-10-01,61.2,77.6,46.5
1975-11-01,61.1,77.5,46.4
1975-12-01,61.1,77.2,46.6
1976-01-01,61.3,77.4,46.9
1976-02-01,61.3,77.3,46.9
1976-03-01,61.3,77.3,47.0
1976-04-01,61.6,77.7,47.1
1976-05-01,61.5,77.6,47.2
1976-06-01,61.5,77.3,47.3
1976-07-01,61.8,77.6,47.6
1976-08-01,61.8,77.6,47.6
1976-09-01,61.6,77.5,47.3
1976-10-01,61.6,77.5,47.3
1976-11-01,61.9,77.7,47.7
1976-12-01,61.8,77.6,47.7
1977-01-01,61.6,77.3,47.6
1977-02-01,61.9,77.6,47.9
1977-03-01,62.0,77.5,48.2
1977-04-01,62.1,77.5,48.3
1977-05-01,62.2,77.6,48.4
1977-06-01,62.4,77.8,48.5
1977-07-01,62.1,77.6,48.3
1977-08-01,62.3,77.7,48.6
1977-09-01,62.3,77.3,48.8
1977-10-01,62.4,77.8,48.6
1977-11-01,62.8,78.0,49.1
1977-12-01,62.7,78.0,48.9
1978-01-01,62.8,77.9,49.2
1978-02-01,62.7,77.8,49.2
1978-03-01,62.8,77.7,49.4
1978-04-01,63.0,77.8,49.7
1978-05-01,63.1,77.8,49.9
1978-06-01,63.3,78.0,50.1
1978-07-01,63.2,77.8,50.1
1978-08-01,63.2,77.8,50.0
1978-09-01,63.3,77.6,50.4
1978-10-01,63.3,77.8,50.4
1978-11-01,63.5,78.0,50.5
1978-12-01,63.6,78.0,50.6
1979-01-01,63.6,78.2,50.5
1979-02-01,63.8,78.3,50.8
1979-03-01,63.8,78.0,51.0
1979-04-01,63.5,77.8,50.6
1979-05-01,63.3,77.6,50.6
1979-06-01,63.5,77.8,50.7
1979-07-01,63.6,77.9,50.9
1979-08-01,63.6,77.7,51.0
1979-09-01,63.8,77.9,51.1
1979-10-01,63.7,77.6,51.3
1979-11-01,63.7,77.5,51.3
1979-12-01,63.9,77.6,51.5
1980-01-01,64.0,77.8,51.6
1980-02-01,64.0,77.9,51.5
1980-03-01,63.7,77.6,51.3
1980-04-01,63.8,77.5,51.4
1980-05-01,63.9,77.7,51.5
1980-06-01,63.7,77.4,51.3
1980-07-01,63.8,77.5,51.5
1980-08-01,63.7,77.3,51.5
1980-09-01,63.6,77.2,51.4
1980-10-01,63.7,77.3,51.6
1980-11-01,63.8,77.3,51.6
1980-12-01,63.6,77.0,51.5
1981-01-01,63.9,77.3,51.9
1981-02-01,63.9,77.2,52.0
1981-03-01,64.1,77.3,52.1
1981-04-01,64.2,77.5,52.3
1981-05-01,64.3,77.5,52.4
1981-06-01,63.7,76.7,52.1
1981-07-01,63.8,76.8,52.1
1981-08-01,63.8,76.9,52.1
1981-09-01,63.5,76.6,51.7
1981-10-01,63.8,76.7,52.3
1981-11-01,63.9,76.7,52.4
1981-12-01,63.6,76.6,52.0
1982-01-01,63.7,76.6,52.1
1982-02-01,63.8,76.7,52.3
1982-03-01,63.8,76.6,52.4
1982-04-01,63.9,76.7,52.4
1982-05-01,64.2,77.0,52.7
1982-06-01,63.9,76.5,52.7
1982-07-01,64.0,76.5,52.8
1982-08-01,64.1,76.6,52.8
1982-09-01,64.1,76.7,52.8
1982-10-01,64.1,76.7,52.7
1982-11-01,64.2,76.7,52.9
1982-12-01,64.1,76.5,53.0
1983-01-01,63.9,76.1,52.9
1983-02-01,63.8,76.0,52.7
1983-03-01,63.7,76.0,52.6
1983-04-01,63.8,76.1,52.6
1983-05-01,63.7,76.1,52.5
1983-06-01,64.3,76.8,53.0
1983-07-01,64.1,76.7,52.8
1983-08-01,64.3,76.7,53.2
1983-09-01,64.3,76.5,53.3
1983-10-01,64.0,76.3,53.0
1983-11-01,64.1,76.5,53.1
1983-12-01,64.1,76.3,53.2
1984-01-01,63.9,76.1,52.9
1984-02-01,64.1,76.2,53.2
1984-03-01,64.1,76.2,53.2
1984-04-01,64.3,76.2,53.5
1984-05-01,64.5,76.3,53.9
1984-06-01,64.6,76.6,53.7
1984-07-01,64.6,76.4,53.9
1984-08-01,64.4,76.3,53.7
1984-09-01,64.4,76.5,53.5
1984-10-01,64.4,76.3,53.7
1984-11-01,64.5,76.4,53.7
1984-12-01,64.6,76.5,53.9
1985-01-01,64.7,76.3,54.2
1985-02-01,64.7,76.2,54.4
1985-03-01,64.9,76.3,54.6
1985-04-01,64.9,76.4,54.5
1985-05-01,64.8,76.3,54.4
1985-06-01,64.6,76.1,54.1
1985-07-01,64.7,76.2,54.3
1985-08-01,64.6,76.2,54.2
1985-09-01,64.9,76.3,54.6
1985-10-01,65.0,76.4,54.6
1985-11-01,64.9,76.2,54.7
1985-12-01,65.0,76.1,54.9
1986-01-01,64.9,76.2,54.7
1986-02-01,65.0,76.2,54.8
1986-03-01,65.1,76.2,55.1
1986-04-01,65.1,76.2,55.1
1986-05-01,65.2,76.2,55.2
1986-06-01,65.4,76.3,55.5
1986-07-01,65.4,76.3,55.5
1986-08-01,65.3,76.1,55.6
1986-09-01,65.4,76.3,55.5
1986-10-01,65.4,76.2,55.7
1986-11-01,65.4,76.4,55.5
1986-12-01,65.3,76.3,55.4
1987-01-01,65.4,76.3,55.4
1987-02-01,65.5,76.3,55.6
1987-03-01,65.5,76.2,55.8
1987-04-01,65.4,76.1,55.8
1987-05-01,65.7,76.4,56.1
1987-06-01,65.5,76.1,55.9
1987-07-01,65.6,76.0,56.1
1987-08-01,65.7,76.3,56.2
1987-09-01,65.5,76.0,56.0
1987-10-01,65.7,76.2,56.3
1987-11-01,65.7,76.1,56.3
1987-12-01,65.7,76.1,56.4
1988-01-01,65.8,76.2,56.4
1988-02-01,65.9,76.2,56.5
1988-03-01,65.7,75.9,56.4
1988-04-01,65.8,76.2,56.4
1988-05-01,65.7,76.2,56.1
1988-06-01,65.8,76.2,56.4
1988-07-01,65.9,76.2,56.5
1988-08-01,66.1,76.5,56.6
1988-09-01,65.9,76.2,56.6
1988-10-01,66.0,76.1,56.8
1988-11-01,66.2,76.1,57.2
1988-12-01,66.1,76.0,57.2
1989-01-01,66.5,76.4,57.5
1989-02-01,66.3,76.3,57.1
1989-03-01,66.3,76.3,57.2
1989-04-01,66.4,76.5,57.3
1989-05-01,66.3,76.3,57.3
1989-06-01,66.5,76.7,57.3
1989-07-01,66.5,76.5,57.4
1989-08-01,66.5,76.5,57.5
1989-09-01,66.4,76.1,57.5
1989-10-01,66.5,76.5,57.4
1989-11-01,66.6,76.4,57.8
1989-12-01,66.5,76.4,57.5
1990-01-01,66.8,76.7,57.7
1990-02-01,66.7,76.6,57.6
1990-03-01,66.7,76.6,57.6
1990-04-01,66.6,76.4,57.5
1990-05-01,66.6,76.4,57.7
1990-06-01,66.4,76.3,57.4
1990-07-01,66.5,76.3,57.5
1990-08-01,66.5,76.3,57.6
1990-09-01,66.4,76.1,57.6
1990-10-01,66.4,76.2,57.4
1990-11-01,66.4,76.3,57.4
1990-12-01,66.4,76.3,57.3
1991-01-01,66.2,76.0,57.3
1991-02-01,66.2,75.9,57.4
1991-03-01,66.3,76.1,57.3
1991-04-01,66.4,76.0,57.6
1991-05-01,66.2,75.8,57.4
1991-06-01,66.2,75.8,57.4
1991-07-01,66.1,75.8,57.2
1991-08-01,66.0,75.6,57.2
1991-09-01,66.2,75.8,57.4
1991-10-01,66.1,75.6,57.5
1991-11-01,66.1,75.5,57.5
1991-12-01,66.0,75.4,57.5
1992-01-01,66.3,75.7,57.7
1992-02-01,66.2,75.6,57.7
1992-03-01,66.4,75.8,57.8
1992-04-01,66.5,75.8,57.9
1992-05-01,66.6,76.1,57.8
1992-06-01,66.7,76.2,57.9
1992-07-01,66.7,76.0,58.1
1992-08-01,66.6,76.0,58.0
1992-09-01,66.5,75.9,57.8
1992-10-01,66.2,75.6,57.6
1992-11-01,66.3,75.6,57.8
1992-12-01,66.3,75.5,57.9
1993-01-01,66.2,75.4,57.7
1993-02-01,66.2,75.4,57.7
1993-03-01,66.2,75.6,57.6
1993-04-01,66.1,75.4,57.7
1993-05-01,66.4,75.6,58.0
1993-06-01,66.5,75.7,58.0
1993-07-01,66.4,75.7,57.9
1993-08-01,66.4,75.7,58.0
1993-09-01,66.2,75.2,57.9
1993-10-01,66.3,75.3,58.1
1993-11-01,66.3,75.1,58.2
1993-12-01,66.4,75.0,58.4
1994-01-01,66.6,75.3,58.7
1994-02-01,66.6,75.1,58.8
1994-03-01,66.5,74.9,58.7
1994-04-01,66.5,74.9,58.8
1994-05-01,66.6,74.8,58.9
1994-06-01,66.4,74.7,58.7
1994-07-01,66.4,74.8,58.6
1994-08-01,66.6,75.0,58.9
1994-09-01,66.6,75.0,58.9
1994-10-01,66.7,75.2,58.9
1994-11-01,66.7,75.2,58.9
1994-12-01,66.7,75.4,58.7
1995-01-01,66.8,75.4,58.8
1995-02-01,66.8,75.4,58.8
1995-03-01,66.7,75.3,58.8
1995-04-01,66.9,75.3,59.2
1995-05-01,66.5,74.9,58.8
1995-06-01,66.5,75.0,58.7
1995-07-01,66.6,74.9,59.1
1995-08-01,66.6,74.8,59.0
1995-09-01,66.6,75.0,59.0
1995-10-01,66.6,74.7,59.2
1995-11-01,66.5,74.6,59.1
1995-12-01,66.4,74.6,58.9
1996-01-01,66.4,74.6,58.9
1996-02-01,66.6,74.9,58.9
1996-03-01,66.6,74.9,59.0
1996-04-01,66.7,74.9,59.1
1996-05-01,66.7,75.0,59.1
1996-06-01,66.7,75.0,59.0
1996-07-01,66.9,75.2,59.3
1996-08-01,66.7,74.8,59.3
1996-09-01,66.9,75.0,59.5
1996-10-01,67.0,75.1,59.6
1996-11-01,67.0,74.9,59.8
1996-12-01,67.0,74.8,59.8
1997-01-01,67.0,74.9,59.6
1997-02-01,66.9,74.9,59.5
1997-03-01,67.1,75.0,59.8
1997-04-01,67.1,75.1,59.7
1997-05-01,67.1,75.0,59.8
1997-06-01,67.1,75.0,59.7
1997-07-01,67.2,75.0,60.0
1997-08-01,67.2,75.0,59.9
1997-09-01,67.1,74.9,60.0
1997-10-01,67.1,74.9,59.8
1997-11-01,67.2,75.1,59.8
1997-12-01,67.2,74.9,60.1
1998-01-01,67.1,74.9,59.9
1998-02-01,67.1,74.8,59.9
1998-03-01,67.1,74.8,59.9
1998-04-01,67.0,74.8,59.7
1998-05-01,67.0,74.9,59.7
1998-06-01,67.0,74.9,59.7
1998-07-01,67.0,75.0,59.7
1998-08-01,67.0,74.6,59.8
1998-09-01,67.2,75.0,60.0
1998-10-01,67.2,74.9,60.0
1998-11-01,67.1,75.0,59.9
1998-12-01,67.2,74.9,60.0
1999-01-01,67.2,75.0,60.1
1999-02-01,67.2,74.9,60.0
1999-03-01,67.0,74.7,59.9
1999-04-01,67.1,74.6,60.1
1999-05-01,67.1,74.8,59.9
1999-06-01,67.1,74.7,60.1
1999-07-01,67.1,74.7,60.0
1999-08-01,67.0,74.6,60.0
1999-09-01,67.0,74.6,60.0
1999-10-01,67.0,74.6,60.1
1999-11-01,67.1,74.6,60.2
1999-12-01,67.1,74.8,60.1
2000-01-01,67.3,75.1,60.1
2000-02-01,67.3,75.3,60.0
2000-03-01,67.3,75.0,60.1
2000-04-01,67.3,74.9,60.3
2000-05-01,67.1,74.8,60.0
2000-06-01,67.1,74.8,60.0
2000-07-01,66.9,74.5,59.9
2000-08-01,66.9,74.8,59.6
2000-09-01,66.9,74.6,59.8
2000-10-01,66.8,74.5,59.7
2000-11-01,66.9,74.6,59.9
2000-12-01,67.0,74.7,59.9
2001-01-01,67.2,75.0,60.1
2001-02-01,67.1,74.8,60.0
2001-03-01,67.2,74.7,60.2
2001-04-01,66.9,74.6,59.8
2001-05-01,66.7,74.4,59.7
2001-06-01,66.7,74.3,59.7
2001-07-01,66.8,74.4,59.7
2001-08-01,66.5,74.1,59.5
2001-09-01,66.8,74.5,59.6
2001-10-01,66.7,74.4,59.7
2001-11-01,66.7,74.3,59.8
2001-12-01,66.7,74.3,59.7
2002-01-01,66.5,74.0,59.5
2002-02-01,66.8,74.2,59.9
2002-03-01,66.6,74.1,59.7
2002-04-01,66.7,74.2,59.7
2002-05-01,66.7,74.5,59.6
2002-06-01,66.6,74.2,59.6
2002-07-01,66.5,74.1,59.5
2002-08-01,66.6,74.1,59.6
2002-09-01,66.7,74.4,59.7
2002-10-01,66.6,74.0,59.6
2002-11-01,66.4,73.7,59.5
2002-12-01,66.3,73.6,59.5
2003-01-01,66.4,73.5,59.7
2003-02-01,66.4,73.7,59.6
2003-03-01,66.3,73.3,59.7
2003-04-01,66.4,73.6,59.7
2003-05-01,66.4,73.6,59.7
2003-06-01,66.5,73.6,59.9
2003-07-01,66.2,73.4,59.5
2003-08-01,66.1,73.3,59.5
2003-09-01,66.1,73.6,59.1
2003-10-01,66.1,73.4,59.3
2003-11-01,66.1,73.6,59.2
2003-12-01,65.9,73.5,59.0
2004-01-01,66.1,73.7,59.1
2004-02-01,66.0,73.2,59.2
2004-03-01,66.0,73.2,59.3
2004-04-01,65.9,73.1,59.2
2004-05-01,66.0,73.1,59.3
2004-06-01,66.1,73.3,59.3
2004-07-01,66.1,73.5,59.3
2004-08-01,66.0,73.4,59.0
2004-09-01,65.8,73.2,59.0
2004-10-01,65.9,73.3,59.0
2004-11-01,66.0,73.5,59.0
2004-12-01,65.9,73.2,59.1
2005-01-01,65.8,73.0,59.1
2005-02-01,65.9,73.2,59.1
2005-03-01,65.9,73.2,59.0
2005-04-01,66.1,73.4,59.2
2005-05-01,66.1,73.5,59.3
2005-06-01,66.1,73.4,59.2
2005-07-01,66.1,73.4,59.2
2005-08-01,66.2,73.5,59.3
2005-09-01,66.1,73.3,59.4
2005-10-01,66.1,73.2,59.5
2005-11-01,66.0,73.2,59.3
2005-12-01,66.0,73.2,59.2
2006-01-01,66.0,73.4,59.1
2006-02-01,66.1,73.5,59.3
2006-03-01,66.2,73.6,59.2
2006-04-01,66.1,73.5,59.2
2006-05-01,66.1,73.5,59.2
2006-06-01,66.2,73.4,59.5
2006-07-01,66.1,73.1,59.6
2006-08-01,66.2,73.4,59.5
2006-09-01,66.1,73.4,59.3
2006-10-01,66.2,73.4,59.4
2006-11-01,66.3,73.5,59.5
2006-12-01,66.4,73.7,59.5
2007-01-01,66.4,73.8,59.5
2007-02-01,66.3,73.6,59.4
2007-03-01,66.2,73.5,59.4
2007-04-01,65.9,73.4,58.9
2007-05-01,66.0,73.2,59.1
2007-06-01,66.0,73.3,59.3
2007-07-01,66.0,73.1,59.3
2007-08-01,65.8,72.8,59.2
2007-09-01,66.0,73.0,59.5
2007-10-01,65.8,72.9,59.2
2007-11-01,66.0,73.1,59.4
2007-12-01,66.0,73.1,59.4
2008-01-01,66.2,73.4,59.5
2008-02-01,66.0,73.1,59.3
2008-03-01,66.1,73.1,59.5
2008-04-01,65.9,72.9,59.4
2008-05-01,66.1,73.1,59.6
2008-06-01,66.1,73.0,59.5
2008-07-01,66.1,73.1,59.4
2008-08-01,66.1,72.9,59.6
2008-09-01,66.0,72.9,59.4
2008-10-01,66.0,72.9,59.6
2008-11-01,65.9,72.7,59.5
2008-12-01,65.8,72.5,59.5
2009-01-01,65.7,72.4,59.4
2009-02-01,65.8,72.4,59.5
2009-03-01,65.6,72.1,59.5
2009-04-01,65.7,72.3,59.4
2009-05-01,65.7,72.4,59.4
2009-06-01,65.7,72.2,59.5
2009-07-01,65.5,72.0,59.4
2009-08-01,65.4,72.0,59.2
2009-09-01,65.1,71.7,58.9
2009-10-01,65.0,71.6,58.8
2009-11-01,65.0,71.5,58.9
2009-12-01,64.6,71.0,58.6
2010-01-01,64.8,71.2,58.8
2010-02-01,64.9,71.2,58.9
2010-03-01,64.9,71.4,58.8
2010-04-01,65.2,71.8,58.9
2010-05-01,64.9,71.4,58.8
2010-06-01,64.6,71.1,58.5
2010-07-01,64.6,71.2,58.4
2010-08-01,64.7,71.3,58.6
2010-09-01,64.6,71.1,58.5
2010-10-01,64.4,70.8,58.4
2010-11-01,64.6,70.9,58.6
2010-12-01,64.3,70.7,58.3
2011-01-01,64.2,70.5,58.3
2011-02-01,64.1,70.5,58.1
2011-03-01,64.2,70.4,58.3
2011-04-01,64.2,70.5,58.3
2011-05-01,64.1,70.5,58.1
2011-06-01,64.0,70.4,58.0
2011-07-01,64.0,70.3,58.0
2011-08-01,64.1,70.5,58.1
2011-09-01,64.2,70.5,58.3
2011-10-01,64.1,70.4,58.1
2011-11-01,64.1,70.5,58.0
2011-12-01,64.0,70.5,57.8
2012-01-01,63.7,70.2,57.7
2012-02-01,63.8,70.2,57.8
2012-03-01,63.8,70.2,57.8
2012-04-01,63.7,70.1,57.6
2012-05-01,63.7,70.2,57.7
2012-06-01,63.8,70.3,57.7
2012-07-01,63.7,70.2,57.6
2012-08-01,63.5,69.9,57.6
2012-09-01,63.6,70.1,57.6
2012-10-01,63.8,70.3,57.7
2012-11-01,63.6,70.1,57.6
2012-12-01,63.7,70.1,57.7
2013-01-01,63.7,70.3,57.5
2013-02-01,63.4,70.0,57.3
2013-03-01,63.3,69.7,57.2
2013-04-01,63.4,69.9,57.3
2013-05-01,63.4,69.9,57.3
2013-06-01,63.4,69.9,57.4
2013-07-01,63.3,69.8,57.3
2013-08-01,63.3,69.6,57.3
2013-09-01,63.2,69.8,57.1
2013-10-01,62.8,69.2,56.8
2013-11-01,63.0,69.5,56.9
2013-12-01,62.9,69.2,57.0
2014-01-01,62.9,69.2,57.0
2014-02-01,62.9,69.0,57.2
2014-03-01,63.1,69.4,57.2
2014-04-01,62.8,69.0,57.0
2014-05-01,62.9,69.1,57.1
2014-06-01,62.8,69.2,56.9
2014-07-01,62.9,69.3,56.9
2014-08-01,62.9,69.4,56.9
2014-09-01,62.8,69.2,56.8
2014-10-01,62.9,69.2,57.1
2014-11-01,62.9,69.2,57.0
2014-12-01,62.8,69.3,56.7
2015-01-01,62.9,69.3,56.9
2015-02-01,62.7,69.2,56.6
2015-03-01,62.6,69.1,56.6
2015-04-01,62.8,69.3,56.7
2015-05-01,62.9,69.4,56.9
2015-06-01,62.7,69.0,56.8
2015-07-01,62.6,69.0,56.6
2015-08-01,62.6,69.0,56.7
2015-09-01,62.4,68.8,56.4
2015-10-01,62.5,68.8,56.6
2015-11-01,62.5,68.7,56.8
2015-12-01,62.7,69.0,56.8
2016-01-01,62.7,68.9,56.9
2016-02-01,62.8,69.2,56.8
2016-03-01,63.0,69.3,57.1
2016-04-01,62.9,69.3,56.9
2016-05-01,62.7,69.0,56.8
2016-06-01,62.7,69.3,56.6
2016-07-01,62.8,69.3,56.6
2016-08-01,62.9,69.3,56.8
2016-09-01,62.9,69.3,56.8
2016-10-01,62.8,69.2,56.8
2016-11-01,62.7,69.0,56.7
2016-12-01,62.7,69.0,56.7
2017-01-01,62.8,69.1,56.9
2017-02-01,62.9,69.2,57.0
2017-03-01,62.9,69.1,57.2
2017-04-01,63.0,69.2,57.2
2017-05-01,62.8,69.0,57.1
2017-06-01,62.8,69.1,57.0
2017-07-01,62.9,69.0,57.2
2017-08-01,62.9,69.1,57.1
2017-09-01,63.1,69.3,57.2
2017-10-01,62.7,69.0,56.8
2017-11-01,62.7,68.9,57.0
2017-12-01,62.7,69.0,56.8
2018-01-01,62.7,69.0,56.7
2018-02-01,63.0,69.3,57.1
2018-03-01,62.9,69.2,56.9
2018-04-01,62.9,69.3,56.9
2018-05-01,62.9,69.3,56.9
2018-06-01,63.0,69.2,57.2
2018-07-01,63.0,68.9,57.4
2018-08-01,62.6,68.8,56.9
2018-09-01,62.8,68.8,57.1
2018-10-01,62.9,68.9,57.3
2018-11-01,62.9,68.9,57.3
2018-12-01,63.0,69.0,57.4
2019-01-01,63.1,69.1,57.5
2019-02-01,63.1,69.0,57.6
2019-03-01,63.0,69.0,57.4
2019-04-01,62.8,68.9,57.1
2019-05-01,62.9,69.1,57.1
2019-06-01,63.0,69.2,57.2
2019-07-01,63.1,69.4,57.2
2019-08-01,63.1,69.2,57.4
2019-09-01,63.2,69.2,57.6
2019-10-01,63.3,69.2,57.7
2019-11-01,63.3,69.3,57.6
2019-12-01,63.3,69.2,57.8
2020-01-01,63.3,69.2,57.8
2020-02-01,63.3,69.1,58.0
2020-03-01,62.6,68.4,57.1
2020-04-01,60.1,66.1,54.6
2020-05-01,60.8,66.7,55.2
2020-06-01,61.5,67.3,56.0
2020-07-01,61.5,67.3,56.1
2020-08-01,61.7,67.7,56.0
2020-09-01,61.4,67.5,55.7
2020-10-01,61.7,67.8,56.0
2020-11-01,61.5,67.5,56.0
2020-12-01,61.5,67.4,56.0
2021-01-01,61.4,67.4,55.7
2021-02-01,61.4,67.3,55.9
2021-03-01,61.5,67.1,56.2
2021-04-01,61.6,67.5,56.0
2021-05-01,61.6,67.6,55.9
2021-06-01,61.7,67.6,56.1
2021-07-01,61.8,67.8,56.2
2021-08-01,61.7,67.8,56.1
2021-09-01,61.7,67.7,56.0
2021-10-01,61.8,67.7,56.1
2021-11-01,61.9,67.9,56.3
2021-12-01,62.0,67.8,56.5
2022-01-01,62.2,67.8,56.8
2022-02-01,62.3,68.2,56.6
2022-03-01,62.4,68.1,56.9
2022-04-01,62.2,67.9,56.7
2022-05-01,62.3,68.0,56.9
2022-06-01,62.2,67.8,56.8
2022-07-01,62.1,67.7,56.9
2022-08-01,62.3,67.8,57.1
2022-09-01,62.2,68.0,56.7
2022-10-01,62.2,68.1,56.6
2022-11-01,62.1,68.0,56.5
2022-12-01,62.3,68.1,56.8
2023-01-01,62.4,68.0,57.0
2023-02-01,62.5,68.1,57.2
2023-03-01,62.6,68.3,57.2
2023-04-01,62.6,68.1,57.3
2023-05-01,62.6,68.1,57.3
2023-06-01,62.6,68.0,57.3
2023-07-01,62.6,68.0,57.4
2023-08-01,62.8,68.1,57.7
2023-09-01,62.7,68.2,57.4
2023-10-01,62.6,67.9,57.6
2023-11-01,62.8,68.4,57.4
2023-12-01,62.5,68.1,57.1
2024-01-01,62.5,67.9,57.4
2024-02-01,62.6,67.8,57.6
2024-03-01,62.7,68.1,57.6
2024-04-01,62.6,67.9,57.7
2024-05-01,62.6,67.8,57.6
2024-06-01,62.6,68.1,57.4
2024-07-01,62.7,68.1,57.5
2024-08-01,62.7,67.8,57.8
2024-09-01,62.7,68.1,57.5
2024-10-01,62.5,68.1,57.3
2024-11-01,62.4,67.9,57.3
2024-12-01,62.5,67.9,57.3
2025-01-01,62.6,68.0,57.5
2025-02-01,62.5,67.7,57.5
2025-03-01,62.5,67.8,57.4
2025-04-01,62.6,68.0,57.5
2025-05-01,62.4,67.8,57.2
2025-06-01,62.3,67.8,57.0
2025-07-01,62.2,67.7,57.1
2025-08-01,62.3,67.9,57.0
2025-09-01,62.5,67.8,57.4
2025-10-01,,,
2025-11-01,62.5,67.7,57.4
2025-12-01,62.4,67.7,57.3
